0,1,2,3,4,5,6,7,8,9,10,11,12,13,14,15,16,17,18,19,20,21,22,23,24,25,26,27,28,29,30,31,32,33,34,35,36,37,38,39,40,41,42,43,44,45,46,47,48,49,50,51,52,53,54,55,56,57,58,59,60,61,62,63,64,65,66,67,68,69,70,71,72,73,74,75,76,77,78,79,80,81,82,83,84,85,86,87,88,89,90,91,92,93,94,95,96,97,98,99
40.48260862447757,4.925693869160192,30.999841214845866,18.41135096104307,47.617669860819404,62.8579352843297,54.17630854015728,18.532212822821343,44.25243888493921,49.454793627581104,22.763110411903753,46.16022905029235,28.005875875052272,42.212798111290084,13.85961819374992,28.93,29.420027489084777,40.64385562590803,9.217011697588141,60.98672357325941,6.01,16.85,25.891065560956026,22.897790340498023,35.84777014928531,18.64127981231917,53.617473921858156,32.572164268888116,57.17861501639736,6.685685895871387,63.751510108884425,49.92218117411703,8.035351738516255,13.190831566542226,7.9186720422493275,13.550522687109398,5.42,43.84,16.150097231203723,48.27573583342181,14.455584204664786,30.393586913604423,30.049519646282608,42.85856100190784,5.3842861452683435,46.18448436948517,27.54566980561072,16.598724035416268,30.656284694068123,13.36,22.940162411124295,8.419718830554489,5.23,27.21764995227724,12.823347626531284,44.27873185532349,43.19957406358431,17.62354385886294,23.783044600153637,55.44792986399805,5.96,34.014818619815806,8.232436914207536,15.910589502230449,39.05412794974326,8.084616507619911,18.037489106667195,42.22781381474768,18.114219987991056,17.275452113514316,45.18,24.448439269516648,15.04729150967849,15.65289231683411,8.014338862209692,35.850730896000485,34.885387348054735,18.650113979119222,59.72206700310203,49.83342757823093,8.57084569398741,25.090484192479156,19.351712438351395,40.88523153056762,18.647120822109706,53.01591844235644,53.53426070756603,25.159753880511357,51.61148079156739,5.9369208529638495,52.01391804803487,38.42073925972935,54.845152083557224,28.292774221055396,31.73633659373884,63.19474977280524,51.74207714846502,11.142769894642734,33.70969486678443,41.98548927668992
40.24150228625574,4.91568227752755,30.949808778755813,18.400796203186566,48.1013824166802,63.19093933582297,54.21632034694186,18.64234497857698,44.57356189445442,49.494734139510015,22.598442748180368,46.19023518348185,27.832835631468765,42.35280909704978,13.809547030204918,28.903285159869924,29.560045461960822,40.462517830030514,9.212298511104683,61.606995685437575,5.9865248032244525,16.854661624259766,25.881060807385623,23.03180466315102,35.6943911487989,18.61122897302229,53.1488092662814,32.41149285195736,56.8454970262072,6.635718195649866,63.49134008867396,49.92218158925516,8.037932014782733,13.160257313425188,7.895648345478256,13.590407280201633,5.42,43.90337638400407,16.3155530739647,48.245732075186844,14.462825199767128,30.74929731170911,30.200228053015525,42.774858745569176,5.384286103693264,45.66420744812681,27.53849530039136,16.513039021642314,30.65371471120867,13.34,22.578264520086083,8.389683775199389,5.2287683359973185,27.287876002662134,12.80571915230349,44.508250878031234,43.409716513811034,17.643545956340873,23.813060630074546,55.48789913521796,5.95,33.8573023530223,8.210192532410405,15.756507036914027,38.170054971458704,8.084616839061566,18.117477703115522,42.015896224320144,18.1428448126668,17.16714068861591,45.156882627544235,24.357032273276864,15.033012087070862,15.662672337573072,8.01433893736702,35.740666921523236,34.875385534261156,18.519622884938922,59.42708935546209,49.392421968818034,8.570845855954472,24.99482400372373,19.513455976974384,40.90620079757564,18.61811803451964,53.03591409518792,52.5885321567091,25.244977298933385,51.639947809020455,5.926908998423641,52.642516931729,38.40073346904967,54.81514350924484,28.490957047075558,31.678675525040603,63.19971790523931,51.81207976539057,11.13887253345689,33.769710747454575,41.39371904903519
40.23153653451861,4.947152896612855,30.909782998349225,18.413518235673127,47.92739430768949,63.171481380842,54.205022902973504,18.583580676900848,44.492615119606576,49.808871289895315,22.378276325702192,46.19023521070162,27.508165672121493,41.819343795516524,13.779160557838894,28.85,29.487491362432486,40.352004589506,9.235277764619822,61.660918014916376,6.030000213875429,16.8770659116106,25.871056568605677,23.148594956208104,35.52580039701399,18.4200003224803,53.966345285836574,32.24137960057221,57.13855742268158,6.650000057184192,63.412774576216655,49.85904136681382,8.0274564494617,13.196921180191763,7.87997912478951,13.739971746156012,5.41,44.1129165299365,16.565484895530627,48.13141820618381,14.435603147679004,31.36067453962935,29.808319767204843,42.67487070697145,5.379999898861853,45.60136500726185,27.4497620167746,16.448463803072116,30.663143712457575,13.32999989644283,22.23530973781171,8.349613723015967,5.208401544895337,27.388198521191605,12.78507736233954,44.6804274828809,43.263563440906196,17.65709029797418,23.8530825518746,55.33767456569389,5.93999994043207,34.024811030514314,8.16956047652705,15.522824978815883,37.89025545200723,8.094597873128839,18.09725221270627,41.676403932154656,18.134235540491396,17.209005293203912,45.07672487027583,24.32706062323332,15.123795774264124,15.581806950996477,8.009999949922241,35.82283945135479,34.85538261911884,18.19841458521385,59.712070360925985,49.20198732723901,8.569999945969096,25.04479352132309,19.61347344778519,40.80613658991055,18.552238910418932,52.80597494898665,52.766267266279094,25.448940430616165,51.59148792876416,5.906545603014142,52.20223225202406,38.38072785426031,54.7786506467708,28.232746626193382,31.168455223568003,63.16916450836441,51.82545979736818,11.109999984127588,33.64600244467057,40.846156289149675
40.2925495280019,4.947153549283638,30.847889046110478,18.318522099495183,48.08137730703384,63.06846243637651,54.19507361688048,18.2596940793718,44.38253404519806,49.75823232703921,22.49342835675331,46.33385574458782,27.539326043864197,41.57859761697345,13.819129101908324,28.883286340100508,29.417544876111016,40.25372204238078,9.305273538279843,61.32063650029405,5.94738100283828,16.88172479770337,25.777236896879856,23.17354666996549,35.31402450339799,18.35234079978088,53.61605416267585,32.24137939076643,57.15858544580446,6.5778669844906075,64.01479360943264,49.88729755890268,8.015363321199198,13.150737301529208,7.850807112589204,13.792562642844295,5.39999996164448,43.75988160336444,16.459333408438603,48.06139108129263,14.30553768355993,31.352123298874957,29.55216612162768,42.64567002803101,5.3699998863256555,45.85019797247255,27.328104342174637,16.37834243404156,30.606274235955805,13.316755275991234,22.678675046718208,8.249007397553557,5.189999934735434,27.355349862593414,12.76342716213287,44.48917986571477,43.05393408808439,17.64354793038621,23.861311397926723,54.64190003199634,5.926478561919634,34.06478192266354,8.24974688926248,15.402895420999535,37.79984963771948,8.088076669368668,18.03012684905017,41.45111005732818,18.134235439842406,17.002985595304928,45.20999969447873,24.15722079845607,15.120306072147345,15.517545835101757,7.999999924930338,35.832845633400424,34.829238859893174,18.11481326450705,59.862001005712756,48.91132550696699,8.53088859311228,24.919167806646765,19.782651635548017,40.75625120773495,18.627091259653607,53.16858598836974,52.88920040977056,25.567184146567243,51.94071639758961,5.9330756952853285,52.258756433599125,38.36332964226594,54.74865662051356,28.22358008685514,31.00978038981511,63.16798447650789,51.903765438635006,11.059999935366843,33.814801677344015,40.60705641505446
40.230344100326704,4.928198281814627,30.77152531905099,18.36353577877919,47.921837479403855,62.475093097901286,54.08674689988113,18.15986009919757,44.151869345697364,49.78820127972226,22.299943630082044,46.22133704650258,27.309427598881893,41.52844215545547,13.874741038899632,28.81686595813061,29.267678450892404,40.1327899792848,9.359999818736844,61.71889240074475,6.02683030358384,16.85170390076987,25.755683356581567,23.079357248536493,35.40729776498175,18.383547235270182,54.12762822812677,31.85381951624796,56.95632747363005,6.5906436884811,63.56138583231215,49.885693949744635,7.995369727979428,13.286901144457387,7.849441310752404,13.669919915393846,5.399999938574398,43.915414740007165,16.369555478122287,47.9956948118348,14.225521458264373,31.382077662005546,29.600848876536563,42.55540035532926,5.356815156400637,45.10656514296437,27.507290335954973,16.37816372276758,30.623720835545615,13.30415098734072,22.38454063499453,8.259533368819314,5.183445640816296,26.936744207025953,12.75327431823003,43.92815390881595,42.41510598021214,17.62354386390988,23.98344081315713,54.67317405218325,5.913276048493585,33.91042180514714,8.08006107970683,15.454857100267354,37.70944326258149,8.103848412193354,17.980070832014125,41.01923114090861,18.100000120717322,17.04806534275934,45.14264316432931,24.256073773999514,15.167270245629755,15.534257764085263,7.996232538503552,35.84281513760428,34.81461956793695,17.885449022400945,59.77860159373352,48.739293590263934,8.510910067139884,24.91178935956652,19.671740327346726,40.589999974852944,18.590727747121587,52.72598085507202,53.08902961744899,25.42526362159692,51.85137190931537,5.946915962512928,52.45005034729461,38.32642644347817,54.68866092297997,28.14420024922009,31.53858869913609,63.13262450005912,51.80752556344966,11.052897862774342,33.596142026722084,40.70668097092888
40.3504938298114,4.914427564394133,30.701185334581094,18.403521665197708,48.08389301991799,62.4743179180162,54.03071737018431,17.97756530824605,44.189868904091675,49.85812883136956,22.231511027567954,46.217371544751174,27.219976482871225,41.03629481326389,13.888733367274591,28.711751976886337,29.277370611903795,40.1636908086283,9.33475472557913,61.59023195364025,6.030000073787769,16.83168991645871,25.64609635292868,23.134302542383455,35.5874950028755,18.293980261336337,54.39816603327853,31.819257473002907,56.81302993735145,6.580627495609338,63.342857802705545,49.88457859154026,7.980723768303524,13.242236493325072,7.757211370759158,13.581976143645806,5.38999994890679,43.6136423997803,16.3496499489676,47.94710195361863,14.14040259415976,31.311826245348097,29.403778497741218,42.47537148808315,5.344286351948881,44.49661205079665,27.597265668496437,16.37867097708963,30.596272196506305,13.294151007300213,22.50240896476254,8.224021975260646,5.1867311491236165,26.475198186563894,12.683373352343247,44.176456294031446,42.769277210921715,17.582936772169603,23.81040981337365,55.148313285098716,5.903276081336056,33.76021464567828,8.089726627062568,15.524126383214146,37.27707011053073,8.114567579945291,17.99999977007179,40.78973907717853,18.08000007540661,17.09552384547102,44.94245390320583,24.103543978518406,15.253643132964214,15.51205034367102,7.989999924977355,35.715897951328266,34.794622238976885,17.736677795826363,59.60843077548765,49.24516242271315,8.543036114714482,24.859232345497965,19.71345245017949,40.6676337696769,18.609568501571484,52.8083838217311,53.25867071894409,25.541169440865808,51.969756471019124,5.946914542319431,52.85049772694161,38.29642919744395,54.62732594012632,27.882772333547887,31.786393799905515,63.09999331498703,51.815490585276194,11.01999989035187,33.36680143576407,41.50052361834065
40.29510021012445,4.921278591078024,30.65734834250528,18.36535214607428,48.193970575146494,62.34806998075183,53.98054933777526,17.750595032864446,44.32205206656977,49.63452305747015,22.334503836298026,46.270000001070244,27.24179398750771,40.836200822336444,13.834218842766953,28.829365125707543,29.317480290406557,40.0561727245766,9.42999985159232,61.079150811585244,6.026571591338999,16.8400035624579,25.544368017805315,22.778482946225083,35.61879261974736,17.895132219735256,53.87105194253147,31.98176983607563,57.07861810884594,6.576389010658159,63.277693091968025,49.93000009812872,7.999999885515624,13.182502377769435,7.71722580902693,13.469625307452795,5.3799955580380106,43.414454673878446,16.361095559204166,47.975699640164706,14.253647401838318,31.732420241941835,29.54828848260925,42.50021843197118,5.334291210315083,44.09678387605388,27.559899747278045,16.430112171457044,30.571172951933743,13.294157076328737,22.729053208621686,8.281733106826577,5.187167512981141,26.494550119825583,12.673399456366287,43.83947681298303,42.80007542741858,17.582936788062618,23.690508627518593,55.3679874998915,5.895304459943012,33.432397796121776,8.235575464006036,15.561235539183867,37.61624660080113,8.108076467045297,18.002308394773944,40.97390185394545,18.114329446957303,16.98571368099263,44.70479148418381,24.54966094816856,15.413485548691824,15.38026209936469,7.979999914313612,35.729313854413775,34.77924207224291,17.475292165553338,59.258198688065505,49.35251674390572,8.56304326731099,25.090453157227067,19.391681949650064,40.66604657666236,18.669507371075458,52.459892480908934,52.78874548752715,25.651001977841606,51.71143399579009,5.9165484359143035,53.81341453469131,38.26170021239988,54.59935729803306,28.056200340883116,31.41868947910512,63.06415621710163,51.71792926297733,10.99990776653532,33.6986532328099,41.73878113960173
40.48347753166529,4.90156664934108,30.627462657614007,18.33075690742886,47.978274930352754,62.73663909564347,53.96075578331337,17.64692595576542,44.24140826525079,49.47477525794597,22.40427047456937,46.33026494623651,27.17350296368821,40.872135488371754,13.888224858904223,28.85314426484906,29.317124393461448,39.946482156597284,9.301374013285447,61.07042320449892,5.948940613471148,16.854633621331345,25.506613810822998,22.440961163948828,35.51797274969513,17.66674591589769,54.227687686481424,31.879922422070294,57.529969672190404,6.5500000707788075,63.41876976850202,50.04531993781631,7.999999917043789,13.110336263003719,7.773988142193873,13.650233648669042,5.369992872503655,43.22134739357697,16.254353923997936,47.88853256031263,14.310330651991068,31.852927529604106,29.64402945161492,42.62835160930048,5.324286413097722,44.58769391332209,27.016250737333923,16.387228991480544,30.549405785240094,13.299999883585802,22.663278513462377,8.252091338437031,5.189999945508305,26.40500460133506,12.676702823125666,43.85876266449323,42.74976621465836,17.58405485059944,23.6605328770957,55.49821405173132,5.884977895720295,33.102766922275926,8.354359384663463,15.491930149408274,37.98040455385237,8.144522044576204,18.012295849614627,41.37154210190138,18.094338508261114,17.056892029013593,44.574981324614136,24.75561191409316,15.414569866608165,15.327966047191287,7.9643510667161586,35.68930188625063,34.77087973024608,17.346108275519573,59.18224551435729,49.16174988392236,8.56303149197449,25.054679028268502,19.26327931345597,40.54000148503546,18.60643612795601,52.70807839278676,52.17992754152126,25.685993644133273,51.8607294868788,5.979999988391355,53.95150570673846,38.24929483542109,54.56735157781372,28.063682538394474,30.941503950257196,63.045787235861226,51.74277646088891,11.009115858142641,33.73486661150161,41.98548881069134
40.55821757464755,4.911549771953432,30.61748951241563,18.398616401650646,48.23399007500023,62.783522778021016,53.97083447554152,17.651183591233092,44.28812623860451,49.28719844303887,22.56198340594048,46.291619670659834,27.112204895869954,40.92397218419898,13.858825948528686,28.857497841272444,29.167905861264288,39.99672758480106,9.276930242592362,60.61049720141568,6.036819728535173,16.841665974489644,25.4745234362746,22.488984748439208,35.22455029890039,17.780304435186977,54.465404543423496,32.14961746985252,57.8482208975684,6.600000076189444,62.54205374224201,49.99128225951471,7.994650686548131,12.940973403973421,7.774554751437745,13.597728379590327,5.353810412129915,43.00144211308592,16.291273240933208,47.92714122470808,14.371262196993667,31.681761530198564,29.487907955156572,42.414935572783826,5.314299889821379,44.283325949377264,27.109047375976445,16.264511879282143,30.49939052416136,13.289999896598516,22.281471382754386,8.099951463992292,5.206709266380473,26.212473913327933,12.678518211032914,43.81193973535537,42.9391850264365,17.603120691295373,23.475677750975382,55.617047309903754,5.873278614105982,33.115420645897835,8.347692290090851,15.369387372432957,38.171259029589194,8.14810368102233,18.1474752101876,41.67164811002184,18.104271708043793,16.975716697486842,44.3677754981138,24.728354504428555,15.360947339734935,15.37217921110785,7.965775184737867,35.68828634226823,34.76461620397432,17.303852759701922,58.83717431777905,48.809182564200206,8.593014155765792,25.101639574721208,19.010194294499765,40.476327010866235,18.726544412576704,52.369998528705864,52.20465559333834,25.46568177238504,52.080689983121076,5.989991344084919,53.99713516296335,38.22642566989636,54.554435873651194,27.70058514964418,30.651130012848842,63.04577806378882,51.65792082172964,11.011173433762877,33.828779664897226,41.66698693571903
40.479880102196816,4.9208387793955914,30.66058777675249,18.428213933068722,48.26399403029244,63.43490825742615,53.911006370716066,17.691177778582436,44.411126551732266,49.252490306906466,22.563339152737704,46.3602711943167,27.014990401235707,41.39785726461673,13.829793815741782,28.951847979689745,29.23293117410508,39.9655638490914,9.214965551714565,59.95038978758454,6.050040106091218,16.83584288007889,25.495350918601616,22.465583028523014,35.287010774463226,17.898623661014632,53.5347802547208,32.26952591401351,57.084887750379735,6.650000040149899,62.43420631839214,50.016662594314646,7.987678924828321,12.89010704534907,7.768156896470051,13.622007876880767,5.359999865477346,43.19590283766447,16.239934149716728,47.922802978951445,14.589830334639029,31.598251475875543,29.698513117253295,42.41546637231173,5.314339463507064,44.83804864457294,26.962314727515814,16.343107051417025,30.503747905202918,13.284146642969667,22.83495459151915,8.077854992253348,5.199998677147033,26.232785622389805,12.69956277275987,43.956091618830584,43.32868432713275,17.593534813923203,23.350900286175314,55.72772714112535,5.863276237599965,32.9980067162043,8.447112980587832,15.391333754250969,38.053721083009805,8.164356553372842,18.090140146574058,41.920712996565314,18.091329856741098,16.927954200685075,44.407030409773654,24.79457121622966,15.261350589475391,15.191476377723511,7.9657738929148625,35.63000117058384,34.754616146948806,17.04497937570786,58.55219414657717,48.73931694071624,8.579980129560452,25.152962611033168,18.983310278140834,40.6375690398962,18.706392605582348,52.906728308921934,52.279169957742326,25.904498833553,52.444660108859914,5.976526092178133,54.97974429357998,38.20592176116535,54.494905501307436,27.723447936098186,31.047042549654403,63.04999461829802,51.66554183997603,10.939084758969686,33.745314729845795,42.22151725969098
40.70851467959312,4.9260944138909215,30.699629133124787,18.362823990972036,48.047291785638016,63.551402249994965,53.952973673886376,17.4764370883659,44.55219267330803,49.18079410030682,22.228967923128398,46.33163199234933,27.242828361445536,41.52167148422479,13.719403615279516,28.937234104592903,29.107488399352093,39.96765098575527,9.152825216251792,59.39786807742117,6.066691647490619,16.815778610201185,25.45919332942686,22.237296691623975,35.26696142956265,17.958220987732204,53.669925331428935,32.585916598734464,57.16331702559837,6.640000029502881,62.65711809666625,50.07152032752976,7.999993597301884,12.691758670865191,7.746054821268512,13.488833663013825,5.36000001655328,43.23321241415683,16.184384792494363,47.92280669826172,14.541078834858281,31.528573437960507,29.899455953602725,42.40529175091781,5.3099997141621005,44.832912848583526,26.703395003929455,16.18939593989486,30.577444433575785,13.28417071437157,22.88056249916682,8.046873252294448,5.2067115079597315,26.233019957495895,12.689984953195083,44.29522518057593,43.51998709206214,17.60354062132008,23.514020077188576,55.88741257793289,5.866676551281361,32.91823517517161,8.4211633393515,15.650084622712516,38.282691019757706,8.194523081541579,18.117436315565183,41.878813874978654,18.071317341731838,16.837660864087116,44.20322335581852,24.362099696550466,15.159442009745359,15.189394831539056,7.966618834411571,35.72793861731786,34.76536480251879,17.408429368265594,58.93747876413785,49.00172387116861,8.550935923564632,25.132656506782048,19.063268384679475,40.65514187844414,18.64531537219176,53.347362609809025,52.11746107168165,25.826783652452207,52.383719490965106,5.966557673128843,54.407435268912934,38.2250765332475,54.49871466561022,27.8471340940289,31.026488873142927,63.03585915987474,51.70553288988503,10.983119776025646,33.84640545511666,41.98233326171876
40.78280695864313,4.905662964733262,30.739368692809414,18.33103818292058,47.767659625252634,64.17767143962476,53.85310431278546,17.28242966403496,44.437474186057464,49.19624048629997,22.061603028245628,46.35977527738057,27.17096620433766,42.15871638509289,13.645210482105345,28.963228536758084,28.907298027012967,39.949888328275,9.271181630527492,59.08009487014412,5.947045431071202,16.82000819973138,25.561579846386046,21.979699743661637,35.20376786417078,17.899309276474167,53.86961318448229,32.333549363212086,57.65910558695312,6.6091780142027545,63.13205071235894,50.07638896816267,7.9999999232885575,12.748443712240464,7.728511175667685,13.408866126035491,5.360001146155925,43.740146603518774,16.20999682161873,47.93714121667119,14.658582513924337,31.98679452159358,29.609535489962738,42.36501294085908,5.299997146875734,45.23893958630527,26.488651133629684,16.338641767252586,30.55001651533882,13.28999989506889,22.43632269503724,7.97977386025552,5.206959284870725,26.263755591693094,12.663192535864832,44.43244797570469,43.758128973280975,17.593524908882408,23.41082899177259,55.52946142611634,5.859999840690722,33.10943987786052,8.270514873291818,15.89533293004477,38.58977497315957,8.119941358656318,18.179950467731658,42.2711632370987,18.032821819529712,16.799017315448065,44.16186991375053,24.177305644809678,15.193398856849711,15.195697239754304,7.959995978369241,35.69000103621066,34.739649605614545,17.367807907867295,58.77593519987689,48.87610962877614,8.526061282965165,25.116222353307457,19.013316778446736,40.54065345383338,18.6656713042404,53.288499946014014,52.03660483535816,25.78933867417394,52.759281008512495,5.950728255728649,53.471312319540445,38.19854198450937,54.46237746045162,27.881705902714423,31.088382224086406,63.029996529911365,51.67583982200235,11.005937329017591,33.47975664713473,42.00272821581714
40.70455275127514,4.878453396018592,30.683593435188623,18.29636177692812,47.888845260071385,65.26166736616136,53.76800284613634,17.112829590543864,44.50635203808399,49.34583805629955,22.316326634808885,46.43196939218012,26.98698966675518,41.673777677033094,13.650861014095563,28.99348562144314,28.98746662585153,39.85501060918956,9.285428763391389,58.854290024696965,6.056268719572974,16.754188385555132,25.443659171236696,22.020093624284232,35.135406461206024,17.960230888425134,53.995344982692465,32.02016347738599,57.36194845400018,6.650014509340981,62.87070216278944,49.97448640346168,7.999999926184815,12.610885925547098,7.566895478717595,13.319333652158653,5.354251041234111,44.35915286424244,16.258172503183747,47.88156259238775,14.793606696414457,31.808502634684466,29.669396194290382,42.448066483215875,5.294325428990361,45.161845206575826,26.718539784893192,16.31918418787369,30.419287052272622,13.289999899078435,21.95563094258885,7.954065652039258,5.186555445462722,26.317191753864815,12.634082805876574,44.23103433456879,43.78985408102671,17.559434237592114,23.584012289418784,55.951939616243884,5.8499998635842925,33.259365294068004,8.361871405037865,15.871969200245449,38.55729490288278,8.049933030000643,18.077454928286926,42.71670811476375,18.061293740610655,16.907860773898083,44.14093591446021,24.535736454823322,15.183369736639696,15.169846685314777,7.949996196673033,35.6193027948105,34.71948405086244,17.135079325231096,58.585879487738204,49.070211085950156,8.496071729248666,25.330540662148096,19.023032783637035,40.56428283539788,18.580519591372852,52.714073529205066,52.28598354216969,25.608960919844634,52.91826411383357,5.920622716252984,52.892040691980945,38.15913693988094,54.467392594815514,27.84455073147852,30.484154828567405,63.009695385427925,51.647655618366166,10.966079633662648,33.23011902691736,41.52819988825089
40.64255067332998,4.8524160786079635,30.63157108399049,18.248397415989213,47.70218759207254,65.24603624978948,53.80362649845885,17.08160163380309,44.31769714237086,49.52628408462227,22.447166205105752,46.33995507286192,26.85100816011241,41.65472240776123,13.650621919347325,28.990344632956784,29.031813764840784,39.941778632275565,9.404253880381773,58.65390990656559,5.951570937310017,16.750081031747843,25.295002694503253,21.915241865814938,35.3429264554566,18.107909166261706,53.64789277312127,31.973652836696935,57.0880582394564,6.615731598422459,62.1547310405513,49.88884596340263,7.9900000742563995,12.491834768784512,7.577018281128917,13.17906568243535,5.3497693178615355,44.84813330571392,16.230610948006095,47.90711402161726,14.57309876838747,32.042496976078816,29.790304908446686,42.42496330013665,5.29432359181878,44.64949227968779,26.368652764001986,16.395498196442347,30.447518314384133,13.27999991285041,21.728196068329716,7.954643740156714,5.163433967136083,26.132475539084695,12.641304866878446,44.47351239691916,43.879521130294286,17.55967171919168,23.764227890523284,56.254232743955946,5.832942689255041,32.91812321716818,8.301736949139622,15.634432456867087,38.20064100958638,8.107109488414398,18.21730150890283,42.46699174520362,18.050945047955803,16.998547067862905,44.061136540374875,24.48974684002221,15.193415246424623,15.143512070243812,7.934350432686412,35.31360961442349,34.70672860369709,16.655580088269556,58.27227922466258,49.20013172128515,8.488977401859172,25.32856662823227,18.973679710069284,40.59550133121039,18.517865389167863,52.2640974141451,52.42845666326396,25.694571527687028,53.32418023551758,5.939969777987343,52.46316140807477,38.1328794255064,54.476738358594126,27.848682198281864,30.19565858679192,62.9825003433331,51.63390981683173,10.926044774241237,33.4581230854271,42.36115386289279
40.61245092219774,4.829967656457516,30.51042111295003,18.25658429758929,47.96212022174609,64.42768618530725,53.77312046994853,16.948046702375297,44.33340973688851,49.402088751333146,22.19364484514925,46.25140199364316,26.544801377381617,40.85535774179493,13.609604223118273,29.058764093623054,29.062599553080116,40.02980493419121,9.355533465053004,59.06606018502963,5.983677865415352,16.787103062398586,25.35178704216669,21.84313829542784,35.51867968435845,17.94341289090474,53.46035044371004,32.0200199572436,57.49292500892662,6.64002549319678,62.009915727608735,49.79723658096617,7.980001256362507,12.300858242942548,7.594900461822494,13.270366771842694,5.3351365018776455,44.787647071279714,16.31436008617097,47.911415852276605,14.623644306578063,32.04789078210842,29.818137550744563,42.44994491884935,5.28472050011242,44.18293004372146,26.84060173557542,16.416518632772537,30.416196862520327,13.264217592000795,21.918334060141103,7.93237379911124,5.163261269454373,25.913052823446687,12.626582013824635,44.655385838563916,44.03110761674924,17.5393990342015,23.824110815133338,56.24434763554986,5.823276273890154,32.97617033322223,8.346390588922361,15.463931186975778,38.61386197641159,8.189652547080359,18.1772499179125,42.0828437028358,18.05094647858393,16.9330665219547,44.139469761744685,24.216732071054913,15.114022861875245,15.158255357024402,7.9367921201798515,35.37244528536259,34.674591366194875,16.504358812288267,58.32706502765468,48.906162445517204,8.449053737939145,25.09244150927134,18.84385861362871,40.52592376040951,18.432533451805913,52.746087774712294,52.26186814112465,25.66253836500018,53.384336492723484,5.9531458102347825,52.904664125294076,38.099293405490116,54.40997666098825,27.98627475116768,30.17958288389655,62.93786877929606,51.53802504028828,10.931256605557685,33.26874923328323,41.91644048371778
40.753953958406306,4.849531822706035,30.481423688648448,18.38262553865326,47.86156138296139,64.51127251903458,53.75434889366255,17.1184036833778,44.06642330162312,49.46404038441902,22.1231564020807,46.45834968000591,26.61252496007659,41.4576803369731,13.560542388282913,29.051947744550954,28.98901990527743,39.97057281967488,9.409711216863844,58.236720122088876,5.996573021381252,16.837089080067067,25.32425856034256,21.866139867496543,35.31642079469091,17.647703028194357,53.58424991084548,32.45596429016306,57.362759770067306,6.660029268941024,61.907065475333084,49.64487054678381,7.975378902078222,12.140749948054685,7.531598934243197,13.400992904720718,5.334233299737942,44.46352156573359,16.30234353661361,47.9214145908464,14.552892763184307,32.0470272435026,29.862251401951287,42.36449676869113,5.2843437554720785,44.44688592427158,27.267474992508035,16.43821179788459,30.326450806925592,13.247268108001643,21.93210881399026,7.894204480171558,5.153216073566093,25.92049495781953,12.575633682135686,44.111130188691895,43.929110338067915,17.516442869354453,23.705526171026946,56.08806417019963,5.829986132215294,33.00711850241078,8.431862836467054,15.773990949960824,38.66096253644964,8.231850293156153,18.16726463819615,41.92927641426324,18.0256472634355,17.04745194089823,44.088697986940744,24.194620861025793,15.041764497339956,15.271693917019695,7.9367843298337535,35.402432567495076,34.665981239037684,16.405018549227844,58.24747072180012,49.23776728093238,8.44992704957724,25.38250559299357,18.962738554352924,40.536603552864555,18.542657301922244,52.915737193153596,52.50404726753725,25.396504592523794,53.16702275318312,5.9363387577400735,53.72062881861478,38.09930715766306,54.415608589018056,27.711764977244375,29.893321410652423,62.939729585287054,51.551891370721016,10.916927484076478,33.40800004553175,42.1473529934364
41.01071614160328,4.8044332605377384,30.402212350316482,18.567591652524868,47.97245720207182,64.93433078718456,53.71277853042785,17.19126344884156,43.90662287943354,49.47509978852437,22.230403308836046,46.42169811400623,26.736741829587434,41.65466246568657,13.59134747536328,29.149969039418444,29.047724835658766,40.001230653757254,9.394743020149807,58.36889735527043,6.046760089446933,16.804315227763308,25.257187912329613,21.856191543564986,35.20737444943539,17.538261956402703,53.41095178873366,32.711177056748625,57.203950316043134,6.633543569098112,60.745353599307435,49.66038028500631,7.968507988077482,12.06241593641093,7.44993593800418,13.500879211972936,5.326642462076744,45.00426703632217,16.322677156953155,47.857221714933786,14.701709967020031,32.0924879646935,29.793423828075287,42.29280447788348,5.284344705657158,44.39320813964755,27.470050165461174,16.594549083091408,30.363114486669474,13.246137996851315,22.210858519660707,7.921431528760595,5.146802184649277,25.622969238923208,12.582297415822673,43.88260846601916,43.797669891455705,17.54265625598065,23.57640213456601,55.769649593608854,5.825564838298853,33.159881222383405,8.441353114949724,15.9848509851508,38.79428193527555,8.2433015799724,17.957553717330256,41.79408794684149,17.99157330213843,17.070690395847613,44.259857958387904,24.387966936298156,14.969805462624134,15.258440637585505,7.93718654946795,35.47813046981756,34.66730436965019,16.286686656525344,58.32231790256974,48.94834527537508,8.459892321843027,25.32725049413516,18.988912356245482,40.38874100684455,18.5909042305199,52.59419612335567,52.26614282522888,25.596138586713987,53.15352993204047,5.966591920089286,53.33244756403497,38.11051776245747,54.46620953565372,27.817526745419514,29.72671353317392,62.94316221156481,51.571906866662104,10.917274351932495,33.58793232021478,42.40787607521655
41.041430201414244,4.83176311366401,30.47933129861112,18.493611626389786,47.698457669485016,65.40673101304489,53.749016346725746,16.835700050056104,44.06606213216724,49.46064252424029,21.991958226745457,46.46007702414872,26.764091029257454,41.60602778466915,13.521684189735108,29.168068034173167,28.887316367165536,40.081291228786526,9.390379207034583,58.79577794944648,6.070051437089006,16.81186342023647,25.315205549518563,22.050241115133222,35.184408200358924,17.407023605553327,52.81218611723318,32.4701533088633,57.069642978055924,6.645759866840005,61.064252423153704,49.59345726458222,7.965353456316105,12.061874937340576,7.437973422029988,13.368004731910922,5.319997422275581,45.43382374647799,16.40806382380077,47.94997068290867,14.889944096521543,31.913802558622177,29.819700169261296,42.332005540347765,5.2842808380799315,44.61765890743676,27.22468878863446,16.40090158316594,30.335617319065864,13.22998519963912,22.40162534239812,7.923457113018442,5.157359137223991,25.512911109530386,12.55019638778348,43.88723358183152,43.688117164504575,17.504846261142028,23.54562572934837,55.98525022226611,5.829998049041626,33.16621677877334,8.393456919365216,16.170429327027925,38.883013321912166,8.296521439530284,18.01736408855566,41.484684218690084,17.964373954495294,17.044575628786916,43.982644246160454,24.20081006639665,15.094078770125389,15.242473570786558,7.92998272766185,35.44989460826995,34.66730634825694,16.556424866338105,58.871697695320954,48.73600777316226,8.461962003785457,25.252686405466648,19.015673154595873,40.2801982597515,18.518708308102642,52.78579317644393,51.84956811791306,25.791720417214894,53.287961706214965,5.954017444302387,52.12007691497945,38.09774350421973,54.42370932043673,27.891066076330524,29.92719059736117,62.92702167324952,51.61215650132703,10.8804252461173,33.37899682248263,42.728963886164834
41.02072554877223,4.801852734484142,30.423379108215443,18.514563656641215,47.60292487011414,65.43260354098565,53.63225964606797,16.628724776890486,44.03998185975187,49.639715248758876,22.085746643573664,46.53817024743089,26.68201547182053,41.19770778240836,13.543479838105409,29.16820006978764,28.8870699776045,40.17894547885109,9.319201309778581,59.50799748116546,6.078041179640465,16.800271866458196,25.421363984422445,21.92394553488945,35.21963444698081,17.213757685659953,52.59590722168247,32.53138557490242,57.70701504248099,6.645758295599291,60.47078824339551,49.63100284313541,7.959981226306152,11.915482856238464,7.405433796493011,13.4811167455483,5.309993081575395,45.49881150288016,16.37964996151001,47.9199304592542,15.001961385994145,31.620915233046173,29.727563067037753,42.44336882219078,5.287163468310137,45.27421517423065,27.255318379847054,16.370197332298417,30.235327623387324,13.215107175096941,22.18350198385025,7.941403302768939,5.158924866876977,25.57862594337349,12.553394805347464,44.23057857614193,44.17814474171776,17.490845919886834,23.44637875262682,55.62254484837378,5.82999553326161,33.20637454058705,8.460763620075618,15.999082339768211,38.92266333747231,8.229758362815206,18.04704045845148,41.57950662321394,17.994394997557674,17.093820040528367,44.04622109673039,24.27753503225262,14.95530652429914,15.205432138902536,7.927186195418151,35.507969389880955,34.65998186494422,16.392944383331304,58.71220517709815,48.88945130032438,8.462722191428572,25.1229367163952,19.021229914486415,40.17915876275577,18.51752769776998,52.81797045124121,51.51389632754859,25.98609289503407,53.50593609781224,5.923920762802316,51.860122962529594,38.09628252780475,54.418070852504414,27.76889797847076,29.712812526135163,62.935330598856446,51.607285030706386,10.908153675227721,33.17106868584757,42.6359875442435
41.17472166762094,4.802295743188771,30.456721597339303,18.64591459139821,47.439540808379235,64.7787168595673,53.670388893405196,16.777120854270187,44.15242683188708,49.43727411768989,22.031662556815853,46.451262754050816,26.792834690029828,40.8114477928867,13.554797864344449,29.129476400412035,28.976671903244757,40.13191342714307,9.313207231216113,59.8990504016258,6.112835405442317,16.782835898601462,25.461332418054113,21.93393307487146,35.432958777548734,17.408805042168996,53.265443343270796,32.715775727811206,58.013731147687686,6.664116801938395,60.00100728209272,49.72783967673471,7.95609698211697,11.904685106804292,7.382165561687806,13.611538093772324,5.304249555797445,45.101942621305184,16.29124180427543,47.88149404475582,14.803320706564568,31.45130444048131,30.035942320309776,42.44240380896756,5.280392140770602,45.524895901438086,26.504052340285288,16.24373119307691,30.156615472809097,13.205664840801862,22.367512987767824,7.882831360454531,5.169989949973975,25.63848184805047,12.526839047821987,44.12848938765287,44.179078736429965,17.486914373429027,23.435554292030847,55.289061970324056,5.830000033798387,33.15588148457133,8.485481024336877,15.943489670544157,39.530780992851554,8.216144740265149,18.0175127249574,42.292886551801715,17.978411340957074,16.842724095100643,44.01018667432369,24.103246215499713,14.715475212109698,15.215413808350903,7.919983634122012,35.7479898827171,34.65730886327468,16.4500877738897,58.38879639485639,48.33278049930487,8.447246761518604,25.126817151011075,18.965933670148925,40.115779325076424,18.350998504129336,52.49063227677556,51.55887979749624,26.02469558258937,53.439633586332015,5.909502081351651,52.13023033630564,38.10287905689911,54.41320718809773,27.491913052241568,29.880985417870583,62.91985599834559,51.59804923893452,10.913056493082227,33.205845666069614,42.19367029786623
41.15847394711464,4.812287448506847,30.415180487621665,18.769290029111204,47.439887842870945,64.39160876355372,53.61829062375446,16.455608477208447,44.03915477251114,49.3409765444542,22.218902965412678,46.498031127037166,26.90875958171611,41.16167746992743,13.577523899909279,29.118221778649254,29.18992909150966,40.16615631697232,9.232165244115489,59.947370352479844,6.130322003545138,16.7897953629734,25.389526950811554,21.889740009665818,35.34998442378572,17.437341778840537,53.46403167117907,32.450007622091945,57.97813327042044,6.607840189441019,59.4331488345095,49.72680699930618,7.9562937289240425,11.920621215809923,7.30833741732766,13.460119286417719,5.306677194388982,45.283294696010124,16.241304003625746,47.88813016290792,14.753302792961842,30.897829960909018,30.310012378353896,42.41432644721501,5.27998375033378,45.291086773345086,26.188987601297445,16.36553990109201,30.12843381909817,13.188182569912986,22.4596999538166,7.985562312259239,5.138012115851154,25.986064055818396,12.512334578172364,43.567747772953766,43.73566348006511,17.464261310309492,23.396031890098367,55.222471911659525,5.819641494504791,33.208708848576116,8.609306268393563,16.198195493392305,39.176997861489866,8.22332032002003,17.955343130597512,42.41608675315296,17.990009618953977,16.889777536536506,43.928371082788274,24.274358415298877,15.049204175897865,15.018266295179465,7.909984914851869,35.749401940076005,34.63464516982066,16.637454054891776,58.37131999870264,48.20712025420768,8.462886770992233,25.16722203877505,18.885543755485674,40.05510380085387,18.25691671824512,52.9848534103844,51.70668002979566,26.012750478783666,53.3948677987364,5.899569947385218,50.71353426517036,38.05504465439073,54.36326432319206,27.570169150150917,29.772103826472843,62.88965721942145,51.459939366775195,10.92865509062808,33.089332268031484,41.89519717569942
41.28859191759045,4.795329287578245,30.490765635078397,18.721673484520746,47.27110664704625,63.6870104979481,53.57980295197922,16.527409573055493,43.852276490619836,49.50039744627156,22.312406415892855,46.528110095404806,26.857699561790753,41.3710254096181,13.5134674246897,29.10696377245246,29.37106623623894,40.26266484588152,9.209523504147793,59.452390855555834,6.140228195746663,16.809839238311863,25.361516221300473,21.958021855932017,35.51424255701573,17.38912891424972,52.906214470940704,32.42991648082808,57.818189116132835,6.6348554766682595,59.52271835768472,49.714898738800485,7.950042917612235,11.919617372660499,7.251973106355097,13.558924275987582,5.309961281236176,45.10207054229565,16.085078207051737,47.879438014453164,14.56689761610981,30.415483438590897,30.379138860029116,42.50708743114387,5.276588653519519,45.17346985334966,26.162731110905362,16.50169210946505,30.07529224254622,13.184230233402962,22.11335348516567,8.064941335631312,5.147474728105985,25.73851251638729,12.498154172593674,43.59001413261693,44.27515624680538,17.47690135130096,23.56889124505106,54.78149666890337,5.813328566197447,32.87924673638317,8.615776326102818,15.926474862524355,39.408924546320904,8.233360554910924,17.755009383053526,42.191356480844185,18.010836413474053,16.938732230838227,43.689023350940865,24.081523133826842,15.037341212017775,14.80754099320132,7.906946520885712,35.836193706088956,34.62998304480092,16.730328516221938,58.138801688089366,48.0567958718529,8.447152011090566,25.1448306488703,18.690679120027916,39.97236475990356,18.148723091644978,53.09356521957078,51.57429028739737,26.152045300323852,53.75794936606631,5.896535412266375,50.17466031891231,38.059870313790725,54.33406479688062,27.746836574015855,29.53069900586182,62.9005046318005,51.43886381484018,10.88695315247944,33.08658109862851,42.15729072711214
41.374728787631376,4.782686581205709,30.399725411477863,18.755763363663934,47.11290068741019,62.39500740591129,53.55503068876954,16.258124442917076,43.60481618687104,49.357190208499574,22.452319941529563,46.419923017923146,26.55290124888832,41.721399959076464,13.548852732028697,29.077650562219464,29.569854952122558,40.35196862973842,9.119772554142012,59.868087404146,6.118978308488865,16.802935669436703,25.355048445276005,21.79675633872034,35.703660940082884,17.36099228029463,52.55341432883347,32.4888849272114,57.80541115542357,6.669219535655476,59.83952237856316,49.63354479705766,7.935739923650207,11.983051298225773,7.252253270307688,13.510354810899518,5.307431822983636,45.04757329910578,16.144877563897925,47.83233134262663,14.504574921357984,30.6728863208952,30.19471399670941,42.49855657769075,5.270010589509776,45.67922967517694,26.260324637795392,16.26838984864552,30.019783544858228,13.174123759291486,22.501719463902955,8.009340961656378,5.140316452004924,25.901876704237075,12.500258783826954,43.52969197104821,44.29113883641231,17.482193184702336,23.456691962124093,54.66739178114001,5.809988567077418,32.75148441612426,8.711256281882486,15.996726459900902,39.516550263787224,8.179879987493754,17.67950391856846,41.88771762779039,17.989704104353365,16.877438488933148,43.763826830487574,24.18364971256176,15.145192666082693,14.728790119271284,7.899986359837292,35.957442145860625,34.60451330554901,16.856043543972596,57.83440446308058,48.013444571428316,8.437113723380513,25.108753787363188,18.7007992268715,39.98368105480332,18.080383052943322,52.67310514648749,51.68758021354385,26.142486023221018,53.55324993399886,5.899780325957749,51.01675998848877,38.044764930125986,54.29893569064425,27.739773100779328,29.819338387842993,62.874999313077176,51.41417217652387,10.871646721829343,33.346133424604446,41.757480648430956
41.40018182935272,4.779962129626976,30.392107725987017,19.027275024344153,47.26681346336755,61.48070449915001,53.52675076167416,16.307698307531197,43.65527998407331,49.360879543138154,22.468569245274576,46.48810234176029,26.482787282463814,41.304812393425934,13.523694647455585,29.08057860209496,29.55511593064985,40.436929889833856,9.005158523956883,59.313207840529785,6.1762244610302695,16.813044710874813,25.351830725328156,21.637436979668852,35.87378120823017,17.272784106308176,53.07998405816028,31.80664826127844,57.832008105945555,6.6456875195839595,60.14598879787176,49.56643186173235,7.935362684087896,12.065397942902058,7.285756599125678,13.77537771979709,5.309992654201561,44.896157568842995,16.295196410612117,47.88973272088535,14.491547058927605,30.663449502691805,30.16380350019803,42.459249668252625,5.259805831678951,46.489342246275704,26.287559003097446,16.076426221011832,29.97869170221465,13.164107792502902,22.482220405813234,8.0196574173138,5.140013478627712,25.93174590825734,12.489569985057052,43.549608205780075,44.025649850665076,17.49006580619116,23.545172553014638,54.465805389193115,5.799902393125605,32.94922717755241,8.575492295248969,15.95297499187689,39.516870694626526,8.178097642366343,17.61341283085451,41.819936117628394,17.961716231890975,17.001038700898253,43.81658730644052,24.334088072649855,14.910049116731697,14.875009177532013,7.896720139624584,35.9189890732256,34.60520544218441,16.62791783641281,58.27287420095657,47.21049917840505,8.48289392730172,25.120600699506625,18.685259033453182,39.986131896552095,18.10686954622301,52.721965291882874,51.74859591981831,26.01799954697,53.36309388120042,5.899748396240298,52.27120712627176,38.023625299229295,54.28299198037862,27.873023147089203,29.119697069463342,62.86527696338906,51.39687700247127,10.888233086832097,33.47043724544095,41.29840985670773
41.3525108366172,4.740190171631002,30.38502396370068,19.182090980352953,47.30634906127161,61.124289364568256,53.50356256598577,16.27808261648049,43.87083943785742,49.25713128538716,22.3602590629396,46.37775289385958,26.36979534852271,40.53127200631439,13.488117563941492,29.12236082437571,29.679808686630825,40.43394732506725,8.961175895309884,58.82848371065413,6.317399370484254,16.820224007832675,25.20251950007707,21.498646595394312,35.83009473539747,17.456367371278432,53.49366522356912,31.74850604294515,57.92395156262947,6.643897755744046,60.73488044358739,49.52789651031404,7.939098136885197,12.236979330753897,7.3779744884340985,13.969114029864217,5.310002436423816,44.89552840119349,16.200354149933144,47.89351716627084,14.50679538653398,30.46699639412241,30.2910096489849,42.58301133651385,5.256209683886893,46.182217677547754,26.377000745597922,16.26564559475815,30.008461498770373,13.164252481742325,22.510449320165947,7.989530572628096,5.140011444848094,25.912452668351378,12.497136921797109,44.0583531766071,44.09454934234741,17.500054695355757,23.58347008590397,54.52929357069311,5.786100625358654,32.66604670213448,8.69593654199966,16.021469675464974,39.37012002694565,8.129978741742134,17.58869772544976,42.42279264631684,17.97746036606857,16.907380215200963,43.674049559645624,24.40513014107496,15.00903420067144,14.931316217091688,7.896720106339192,36.090007138933444,34.61864368012581,17.106950690934813,57.62190389785049,47.501885706685066,8.43710901235872,25.34225631074562,18.741538867701394,39.95844382732399,18.09546438869709,52.223937305432486,51.83990406653402,26.058458097817702,52.97655284960892,5.908826145516329,52.68790419414652,38.020912157796054,54.29352545567962,27.911184414093714,28.90308020922276,62.855228187971356,51.43652931013369,10.84469278936809,33.228110265838,40.95173444148345
41.53739856710153,4.7721686419944644,30.392940674015296,19.12977376415425,47.10821881087887,61.55430259125478,53.52699725088951,16.369720130757795,44.17761934096652,49.33987750424826,22.48396992867336,46.36344016714563,26.476387797293334,40.66216440313783,13.44982456781161,29.187332158597446,29.939805214625856,40.417086862429024,8.980562996914593,58.43885485886604,6.293979194090331,16.789801027267693,25.226998849445728,21.73423826033579,35.66541169454952,17.262169786902987,53.33525263296791,31.479995601365648,58.65160687845395,6.686010278863823,60.48492302939569,49.423069581004206,7.939104103993075,12.150017161787401,7.385952347049452,14.004808191954348,5.309694655494092,44.630121021622,16.256778773194135,47.869724249813984,14.472121963403456,30.642191887764362,30.102027671757167,42.52010674622391,5.244362297623906,46.40993944940068,26.13383283415017,16.121908254131142,30.067673836107183,13.174274271882965,22.58891437605152,7.997282787902194,5.12997785236213,25.860186573845205,12.48600103325655,43.57203208725973,43.96665041722819,17.489367942848375,23.45483645051796,54.61716982225291,5.786695495924608,32.636109785235746,8.660061656773042,16.011356795145318,39.586349967939036,8.181713257761528,17.613673910885634,43.05889045830461,18.001703396259504,16.976842161807845,43.68137993681645,24.426589892752297,14.960833713657596,14.844935555809462,7.889989482544411,36.10945145356762,34.62993139564631,17.040033355369015,57.883501735267544,47.44314585937187,8.447687939697394,25.420855062675006,18.83051041144405,39.92896388736598,18.177347879203268,51.982298799821415,52.01351208901132,26.317583449325575,52.519595274635606,5.909371083034239,52.06646606212691,38.01246599214432,54.24856855159131,27.95781634190736,29.190097527435448,62.875212160682445,51.44690136284773,10.846211052500477,33.346452005873395,41.09630645341508
41.556575682105326,4.785282118972212,30.5254021877866,19.0338793487753,47.25148023724976,62.32931515006802,53.592870191071555,16.324343935221627,44.07469138909992,49.35191704122495,22.58867023462449,46.26992124873736,26.6043307747863,41.04109216587193,13.441094131961504,29.255161012906427,29.805366967485735,40.41918185670172,9.046745460367244,58.701054617373266,6.284000942940774,16.79057554078343,25.255745796411276,21.73709129705773,35.76819263660307,16.986979606488458,53.11758240562262,31.458577741288746,57.42675161687959,6.704387604596015,60.418500944917334,49.47465669134319,7.9392455593799705,12.106231788563788,7.368360149716538,13.816664710021291,5.309846898228313,43.848039794383126,16.166130894305873,47.935857962670916,14.396526259802764,30.908543108241755,30.291040730315526,42.459392873729506,5.239983656225451,46.560040228197394,26.04770393450327,16.146694298663366,30.059893053183497,13.17424602166339,22.86037643167704,7.9797126505427896,5.129466272953779,25.842720697225186,12.496926760350982,44.114544041819705,44.10673683964582,17.49361835096379,23.45923056844049,54.39761625206222,5.78670529616613,32.43409240129998,8.622327452097089,16.04225113899706,39.27836157485699,8.166142340364953,17.534775222564804,43.40774720166488,17.981737697999947,17.102936970553976,43.754582414448116,24.481289560433837,14.825941373612311,14.800255516740428,7.886787525327823,35.96430526747475,34.62566342186554,16.936810184303635,58.250402625858946,47.72035058757407,8.46443055979384,25.566675916971565,18.78889119616931,39.96312552597795,18.279398174121066,51.73675630503863,52.47886074738389,26.063164040270422,52.52385914335961,5.890459875779824,51.95274836986954,38.03208447882009,54.29615228010627,27.97099924656256,28.906211110317297,62.860828126117276,51.53169551907841,10.843061731414767,33.224502605838346,41.02077406734578
41.377250882522134,4.754250475404196,30.610717718933707,18.862716176195956,47.28591802652163,61.9518525490088,53.55531263460007,16.255766274945586,43.99354708758172,49.49635561186189,22.464868582290787,46.191552141679324,26.41413565764108,41.469441350927795,13.518326669160595,29.310441819461676,29.807419301207542,40.41024869013704,9.004847749199142,59.200742507674086,6.272660217206774,16.717297525451094,25.175604868282218,21.71406096132455,35.8043544518683,17.129570040666312,53.103082510262034,31.428543070647894,57.69540036368158,6.692613570334474,59.81718784299955,49.517935847775504,7.919055293446421,12.12315754166215,7.226653315144869,14.076645578577091,5.296978202928072,43.166314147783666,16.3862235598053,47.91996908739627,14.501013055024027,30.967608703084167,30.5811521624898,42.530895494320305,5.239237938756352,45.94535830001536,25.94332042506836,16.144575245072627,30.11301820222141,13.173938531007607,22.69418803302544,7.893595219229061,5.119991431282382,25.798759293615554,12.496350103274954,44.68200503546835,44.37733969129331,17.485112031399694,23.349559336884294,55.14171185300505,5.773559281213305,32.36105814345821,8.487516594637155,16.097338838057624,39.267786205734026,8.260754148210586,17.695105620370697,42.66949065583985,17.997674231565473,17.13070010771715,43.63674934322397,24.3611544320399,14.711905935604733,14.796016188636989,7.879990056746625,35.88950144232623,34.6245706125818,16.737053346923513,57.70445681977677,47.69470875364401,8.484457042786836,25.432206749344196,18.531713879414053,39.94081084322312,18.358520991828605,51.747934447256725,52.390054129492384,26.10851162000108,52.355120241667194,5.8731188840807205,52.93299391750795,38.026551476493424,54.24877736790197,28.33109010989952,29.04423337445964,62.885816120920275,51.44748294936691,10.83409052115507,33.34873083367939,41.427516631415344
41.52500342401912,4.742536295447996,30.585721992222897,18.722616321471506,47.40445762006116,61.67422423037459,53.532782658130884,16.049932590138056,43.72574217059845,49.26878809829398,22.449199109612128,46.22983255837261,26.367314109682955,41.082219596010056,13.54821669417201,29.24690493069763,30.03309405069706,40.44190198874771,9.122548345426189,59.833702628727885,6.310066253735276,16.721219349100654,25.1878110307505,21.895141400090484,35.592613148445764,17.11254998077867,52.77013613989393,31.666087146820868,56.92058540597874,6.692534051832161,60.1233519321872,49.44542719982066,7.918099834446296,12.004767818366215,7.339348354824563,14.261585750069218,5.286727277641713,42.9383966413906,16.215670085616512,47.82880563265552,14.436980398286824,30.840218457169644,30.479408509238276,42.45313566100695,5.235956460442637,45.89199933940984,25.9557475442287,16.152784013742686,30.168168231743664,13.175748352011894,22.425426753365798,7.847884492880776,5.126744766035028,25.632683531071773,12.519641044492834,44.452241014376575,44.543289817969544,17.4565208400293,23.412007880652634,54.57967771998168,5.769980759506184,32.09904546044025,8.51300431108325,15.928778021101543,38.993840320221295,8.2212105777473,17.77843436586911,42.15520064751531,18.024358904622428,17.066462320366774,43.66545080357746,24.482118468429327,14.591347336601514,14.727906851284294,7.876628537452589,35.77656886879763,34.61483452225703,16.615351427478462,58.17598376593784,47.93386519369992,8.5421140429863,25.443106913995667,18.561469469279885,39.95475163750333,18.343769413313638,51.29910631030039,52.120903417284836,26.13462531047945,51.82179213937971,5.839996855547288,51.85429867757532,38.00040773649811,54.235916552815944,28.032997726314623,29.367930969265387,62.8695862539407,51.3867299709191,10.830317279185877,33.31317851145655,41.81194770681366
41.31443175689927,4.751651550720489,30.60075543506678,18.664431642629374,47.47281192491698,61.641410071978946,53.51508408149905,16.012123182585967,43.78859216422314,49.33282016525806,22.42115999829368,46.2042511419737,26.172997439944403,40.68745761740182,13.590196985522025,29.277637755328772,30.1369975070574,40.34963228589477,9.002844848656864,60.21922363127424,6.340016205841001,16.66990387534861,25.12186884677605,21.658424670341084,35.7220524053197,17.257382203063134,53.1612987601944,31.658583565043426,56.70695474675768,6.627758710930954,60.89588722023798,49.431497431281294,7.908856747121661,11.985762965461067,7.23722523394906,14.103914508299889,5.289877424392237,42.29405883537731,16.158400412444323,47.77873229835418,14.531855954437926,30.949853901931572,30.48634832547566,42.389551475320644,5.2299848396787,45.71764815645873,26.3421073670796,16.212959980786586,30.174480777589558,13.175737255748206,22.35517551681851,7.856913345133547,5.109700023819831,25.60753362127435,12.525619380195135,44.37876224155257,44.84284935705824,17.43676165681597,23.422067643301325,54.89976374110513,5.759970751030409,32.32550169714255,8.509479139367283,15.818069116400086,38.88592452757325,8.299098174213029,17.914626357868944,41.49237704693503,17.99483157618665,17.03335087049579,43.687787152829046,24.2176116366379,14.551735352458179,14.639421032656916,7.876628653369163,35.77051787974188,34.59476260792625,16.494011916905926,58.343199195062105,48.0414984355275,8.542854420785204,25.581043475944778,18.750131314846424,39.93084040664401,18.269846526354044,51.48599987307058,52.37568589306348,26.498134333294853,51.69850498864875,5.832294192251218,51.20202760163124,37.9819479304673,54.189049004059804,27.727711991021902,28.989590908328502,62.84523270593465,51.39621868337357,10.804537624955254,33.25141903772913,42.48098763739527
41.585831843742746,4.761282649448396,30.55962401917011,18.72110370907037,47.56161939420723,62.3707326963003,53.50333977530843,16.054323284159132,43.832765244626536,49.488685030459365,22.50169833843108,46.174219703082024,25.99411096574703,40.86591635077425,13.50988943803955,29.24920561116241,30.167460843262614,40.33734891370027,9.031948950409118,59.79280804870724,6.278169227257186,16.666407528396725,25.063063441395535,21.86466829131641,35.937880414999434,17.311795797451737,52.46008740443818,31.38873134479816,56.57383363089911,6.596006729252802,61.19526467137511,49.33688312557127,7.895712101351108,11.848782060174885,7.073605188322398,14.094816728680128,5.289321691508337,42.24349265888462,15.991627128517484,47.76169603038437,14.775272967257438,30.644445028334534,30.15935059966815,42.429374717363146,5.225755866856949,45.33592591987916,25.83417391979984,16.039920080976273,30.06140545844897,13.14794416907947,22.325147396982093,7.8434013893997845,5.109092760342005,25.54777895481611,12.537642174729637,44.27006073856309,44.96694672531287,17.409291213447037,23.493803870892794,55.28538659254757,5.743357003309087,32.10499415707862,8.41431585441855,15.965056012909878,38.769663903226316,8.338511204824279,17.76755485172399,41.20909906046974,17.976957054168075,17.041583798620643,43.67403289319378,24.43624546365004,14.341428832576794,14.632940478389942,7.87683853391873,35.80910746341166,34.58470599646432,16.3520634971426,58.83139390120722,47.60595775112098,8.552862772961353,25.415036688726293,18.51029172631871,39.98517735667156,18.368951426074588,51.76121396484133,52.36501810508317,25.977091986033884,52.29188185515418,5.770175096993238,51.28231322736394,37.993083157202044,54.12772647443969,27.65031827973295,28.831493430894735,62.83561011084857,51.33061099260552,10.824727273712577,33.41315287182622,43.002947013958824
41.443057734205034,4.788240391863372,30.49676882302481,18.789305821276454,47.67250969486452,62.54547767083584,53.47496892504417,16.175970805460654,43.91897778371815,49.342038075396594,22.852250284839112,46.15884802535138,26.083027237572512,41.10146767004206,13.41953768184865,29.18373678615825,30.33685204018456,40.353018020663875,8.908162221696536,59.63980287608631,6.325016920906052,16.65275553192455,25.0836653344326,22.04198026815014,35.93987548269578,17.278942925382097,51.91074578492632,31.445754886757275,56.70801030059489,6.570233148187027,61.714910327128145,49.2866377509673,7.888878207381216,11.752678765196151,7.042750461484037,13.843260683782894,5.279675781434796,42.46053226236361,16.286433831859533,47.68863546243957,14.673145800919672,30.419510403067342,30.364452280345816,42.33315832563835,5.230000585655973,45.38430543840974,26.23305450188875,15.896932884454337,30.064358834582503,13.127748370184163,22.528307288837816,7.834658526515316,5.1031899918897246,25.540168835210164,12.538283149756568,43.77299043138875,44.584004550498705,17.409148221976093,23.659204891311113,54.975440913860204,5.732280618623822,32.139651712226474,8.341302573039904,15.85128694972681,39.222100300999365,8.312164767575608,17.8918809052686,41.006728188498435,17.99247938361028,17.03608392504651,43.787127884903036,24.273317562702985,14.408399751793223,14.702410782466037,7.869989910640057,35.746439632685046,34.5641345739161,16.48944943900524,59.075099519398044,47.20560710898661,8.58282236317134,25.45979036930595,18.453502804557147,39.95133407216157,18.400548124842782,51.62241002844809,52.26861571948313,26.393543882286682,52.24583794188558,5.756319401447397,50.718536258237,37.99488079137185,54.077893929398215,27.682466082027805,28.577405711225538,62.815266785141226,51.38188217099109,10.825332962175697,33.253908308191036,43.30641361804285
41.50935002476207,4.784120977573026,30.43712447726959,18.776148308040202,47.875206667181985,62.9059264292581,53.51840224689024,15.987198122203973,43.99054494286696,49.33384297664161,22.582400159692803,46.16994321619288,26.08592859753018,40.76151783791417,13.379435869364892,29.14768709360661,30.475614710882347,40.38438297833096,8.822954852998663,60.97233739838568,6.321931276842928,16.62882302578792,24.902085864844437,22.04692987982631,36.01843219888478,17.479260723700627,52.08797357622317,31.028952101402897,56.284509003472046,6.527900779935647,61.70416756818063,49.38191923393731,7.875552451767175,11.488638426849798,7.0249220497435445,13.919008991800672,5.2798751885058435,41.818880499614146,16.449543131309497,47.63412796094042,14.699441642213072,30.528035024197475,30.067577669281302,42.42052709527385,5.2299828696075386,44.880285245992866,26.040184751254152,16.09659716634555,30.11562802453299,13.134348807273728,22.50291754759767,7.819836935583955,5.083307709470425,25.660615167243176,12.516666805735651,43.86730554624595,44.91763003694399,17.412945738206005,23.65751333212687,54.58163285737803,5.736125004482685,32.06357597371749,8.4046373240959,15.946235666072877,38.71702993017518,8.259298829926694,17.901710077474153,41.14553950883841,18.003036776460174,16.990909620532957,43.81773911383028,24.33335703801437,14.289400253010998,14.793338969815684,7.859990603430267,35.77166197834091,34.56553063447762,15.997504206973005,58.96535558923191,46.99805477550631,8.560826195226436,25.45056513757447,18.680667518613454,39.98655932158135,18.400665199349103,51.857031531921606,51.983781703762425,26.15484523463882,52.49644978202897,5.789871883633878,50.75459056846209,37.98896916997862,54.07872275418073,27.91287748059515,28.264487696572953,62.80097594535492,51.495931018632426,10.820030721126082,33.30342072066723,44.18951230028917
41.464157175695966,4.776073228341342,30.332183609801874,18.752037513966446,48.35129304445847,63.214665400358236,53.54915382821021,16.213860023189667,43.99751883210327,49.44526831015482,22.79060709654159,46.03841643350416,26.146615980287976,40.48039351604757,13.384817407313507,29.097444397722025,30.383317005930127,40.3710921276067,8.895487852357888,60.947803720685926,6.361073174506193,16.667487484986047,24.8455407929988,22.228995741797878,36.025847712997056,17.515486403520775,51.637225665656295,30.98471184722412,56.097379208032564,6.533489321664704,62.161252198318614,49.29403150694659,7.865581932273622,11.631157025088743,7.025068030861924,13.8057467692025,5.2708260695245865,42.064960523832134,16.433904116578454,47.69185182828413,14.639399146265061,30.3692108241859,30.543363720253627,42.22676373158899,5.22622430823582,44.59973350151846,26.098398593906015,16.095922795421302,30.029793442361242,13.136665801013848,22.67487523576887,7.7370352917409555,5.069716385375465,25.633037118584692,12.532095213118218,44.260985922923204,45.58354019842469,17.379034371642195,23.637797617461477,54.42300946313502,5.729143528937405,32.20210873528079,8.35402296561202,15.760942902512824,38.65852753795993,8.24974501575078,17.991853246310384,41.341006188500586,17.976494156494944,17.126970579789397,43.65585504095937,24.006832599402667,14.09306336958623,14.715242958524145,7.856880961119269,35.71115601659371,34.55731571016043,16.105748943528152,59.555088726648634,46.93357707011894,8.579195626924363,25.186247886463917,18.66023197307263,40.01407449764215,18.32186763631754,52.134460181653225,52.015792794233576,26.210663772234373,52.60190020055946,5.7332450651297115,49.983395317633764,37.96282582782709,54.05391475769976,28.03828242471338,27.963568947854043,62.78516769442955,51.49225006012791,10.827591982299882,33.30670696160302,43.984833993352744
41.39404977023526,4.759342516398276,30.34051165785113,18.84291718626615,48.39247705473626,62.3019036036353,53.62126902201348,16.186879831781095,43.855908977852046,49.32350891030169,22.905678686099282,46.09190220974458,26.17142509664061,40.16452728708905,13.39271054084598,29.098452387070626,30.391675301853002,40.377494042368006,8.881984738947665,60.53836068621464,6.375195045415117,16.684829781863993,24.807503473858393,22.457054195818923,36.61322677023307,17.493472764661902,52.47363537570553,30.966641867233456,56.19870851598626,6.546654399515836,61.33367432571121,49.17061827667245,7.8774815407461,11.557009447728586,7.1449089323751895,13.985113217391035,5.260021276314564,42.11493706994003,16.474821551298245,47.64985736843305,14.606896821419738,30.51940180142059,30.751448385978044,42.22798849252852,5.22622712843578,44.932213897290815,25.447538074248186,16.135717771560607,29.95002736341581,13.115008108611017,22.668949383877873,7.7186647597589975,5.059707393331604,25.615683600486356,12.518289675820547,44.16892136251997,45.825946847213885,17.39640140700279,23.819676017547767,54.08008394927091,5.729386270182093,32.005515628559074,8.200627103003605,15.818642447365152,38.917856557417814,8.20063539199532,17.89541076505972,41.66558223194934,17.987551527734688,17.036487804013174,43.48191216997296,23.770193097249308,13.948903628874243,14.677986158074779,7.856881178307113,35.75614610419836,34.55539567676117,15.983598588465828,59.96687985245441,47.19549793167791,8.599048412866521,24.935842348973704,18.72813309853736,40.1375678446789,18.203201688759563,52.28237619012146,52.358889202108074,26.211647031144548,52.20464438340564,5.7034436007237534,50.24275504199091,37.98328340140667,54.09320156225105,28.0709895432917,27.948155082717786,62.78070946245555,51.47305193570213,10.840323547768246,33.229748550451866,44.324053639240205
41.66832867671147,4.759307820856986,30.28312103272231,18.798805623377728,48.11925710937342,62.00811254127739,53.62179233458396,16.088438732285454,43.806748779840795,49.23852674436471,22.690280632236206,45.96183164212592,26.05099281755025,39.82538722491876,13.347797224077988,29.187475224981117,30.353326282993297,40.329053581132825,8.921683893151776,60.89425163193375,6.298741087412109,16.702348764078998,24.645180569293412,22.405381666524384,37.06396947137325,17.649299049864187,53.10055041028043,31.24351139403077,56.033039777487616,6.5485970147504755,61.03448667555024,49.100735049809295,7.874350722671102,11.563157385720661,7.1433290283658915,13.972929078239885,5.254381336889381,42.16789315598433,16.658261390216133,47.6963017893821,14.579530087413513,30.28153736921469,30.960061486540663,42.25166503835542,5.2299938042697525,44.94458438265708,25.34238224125881,16.209674587446983,29.87781385047089,13.108306655513326,22.791102767817932,7.676642947928729,5.058815935944834,25.414108102482732,12.547355883374477,44.37089311801414,45.937186219518345,17.382872565517232,23.821003859100216,54.153071678899536,5.7198901414746794,32.38998298601721,8.225675921155242,15.950881543045908,38.557901028994124,8.122975674661546,17.972054066334184,41.39604963539077,17.98932691601028,16.79356213197638,43.38476542595489,23.83201403534346,13.799032852724364,14.663128915176275,7.849984067060167,35.73614920870219,34.54986339372926,15.473316590064883,60.39407393790321,47.072794536859874,8.578517850713437,24.809978286741842,18.61743585000361,40.11102109908331,18.080036945066627,52.04135181734094,51.94468013944393,26.355955318925556,52.28851303387642,5.673320388908485,50.658126268800316,37.96523798449048,54.01964961757317,28.14840979794047,27.876899989315934,62.77674396304239,51.46579480551455,10.852609012202702,33.28816021098622,44.19217381719731
41.69870584026576,4.76795232420992,30.231034514263328,18.736610141085734,48.385840467766485,62.515574010110754,53.5727776532204,16.27586097103678,43.723384058691416,49.27214186017582,22.656753951961484,45.89221013208318,26.24498112232858,39.64544839380891,13.288805836781483,29.067668176069162,30.46595947814544,40.44077027903554,8.88479618769015,60.59163782002008,6.301209606883724,16.722498915041438,24.669217538166578,22.278353733120277,37.4609374050894,17.73950158691603,52.665960071117766,31.62944226034346,56.22437750781203,6.479966808358335,61.236970399542614,49.09172609076488,7.8468598985093685,11.575200934362078,7.03220746351955,14.03415695926382,5.246407990284059,41.839800860745825,16.915681107411803,47.64209596243229,14.596429855852174,30.679132602153516,30.93039875225629,42.219077095422534,5.229992013941262,44.74925268211466,25.308803746147266,15.995073893187794,29.8723599430801,13.105161393143868,22.838591799123233,7.579105295084936,5.064742665868246,25.876369360829198,12.486941930823047,44.83118466839031,45.42349546016111,17.38056434817729,23.84111673456246,54.037026382568314,5.709838177836666,32.66989097622715,8.22876268813646,15.825761963993846,38.57718320651276,8.140961206803304,17.918498601245005,41.7305338756958,17.975254141613725,16.774820936890947,43.43007861544522,23.698300656223868,13.773480560938538,14.531255407856225,7.839986975614122,35.725458945003,34.530081410853604,15.435763092557332,60.52462034478382,46.97054339067629,8.555089116065535,24.922211769457782,18.80533197118156,40.03740217028542,18.027742697432565,51.802157332744684,51.73975692520294,26.210821255367367,52.28292762902362,5.678594014535816,50.6410750077496,37.94480586449036,54.00509912837907,28.11473246115499,28.031962695230348,62.74952108061457,51.41751184940058,10.831931289085954,33.338020043875154,43.658717084453905
41.487351462457966,4.770310833700941,30.239628226668096,18.689971954152973,48.46998163427359,62.73808386688464,53.53745213620722,16.20593761650331,43.78478430382623,49.29364807352565,22.56625115474671,45.829191823144235,26.284851734941817,39.58834373974357,13.34515460928134,29.133469925845127,30.161029862611056,40.485799285015275,8.848819000379333,60.536464579668134,6.241727032796318,16.735173554972732,24.68221612519843,21.974659101379387,37.31870824127068,17.963172907374446,52.234978675422866,31.356867586022695,56.30103944179281,6.515715783958824,61.47636132344677,49.12290254718532,7.835539766357937,11.527505831401788,7.10238216079428,14.180673272257767,5.236020361553134,41.298304635741495,16.732148724250788,47.61879191945284,14.832823291342967,30.607347011523007,31.16247544373673,42.28949565819216,5.215846209627703,44.579577086110746,24.99201921765556,16.112983449201064,29.8525345989666,13.099990263845731,22.94690694867389,7.601784428504576,5.064756977537731,25.636852454657827,12.482700334001862,44.42682919644923,45.55354058145733,17.372427242610975,23.8104524202662,54.225712840547985,5.693761015117678,33.27883384822008,8.27551042475334,15.900055373800278,38.904879240667185,8.195250015616695,18.011098588549867,41.77839678522812,18.003995583777563,16.79705978972707,43.34958380145116,23.853821715537425,13.631603994979672,14.53038991057519,7.824418645132544,35.649959077563786,34.509460864916186,15.208785033962254,60.30397224992541,46.891400082102315,8.518375910026144,25.051896629864743,18.715027375077582,39.92689424345431,17.92846587062382,51.923628348617925,51.3862044821688,26.316967306998908,52.177130362928075,5.669008656337262,51.19737394242291,37.93247812503568,53.95796078738829,27.96928840075716,28.299061726054237,62.73920419251334,51.368188553279786,10.8081983203905,33.11584058970209,43.47025811596638
41.312009383724806,4.79971314956381,30.1916011541585,18.77161939563769,48.438170171563435,62.537993796269284,53.45852358408214,16.31312732940308,43.759900429072026,49.257362599883955,22.51614301120692,45.84435817487363,26.217501931631237,39.112735621585294,13.338869122221338,29.09972256408412,30.09610993775966,40.35653232698029,8.846879590632577,61.440790433807706,6.326173897981429,16.726115109788438,24.788215808143644,21.772352587771977,37.084118147035575,17.692041344597694,52.359259828165314,31.20982257042681,56.22514633555176,6.482690187374142,61.915345349395,49.00052222779336,7.825543105383021,11.5178541953783,7.024320406494564,14.111625341078659,5.239739636641053,40.93302812530934,16.744700687048702,47.631896986887455,15.012302259200501,30.3115689672368,31.044244317355194,42.212057589899764,5.209985426818572,44.28936918721476,25.034511069850307,16.097138608803146,29.82267605185006,13.08435063940816,23.104759630420446,7.588576670821297,5.049825537260578,25.486960181600214,12.461721964852035,44.16904558698484,45.64409157133103,17.381002625543957,23.819795063196786,53.87643954690572,5.683374570922986,32.49866319788878,8.291713033832652,16.079441601516706,39.194851356906405,8.12075004022355,17.956403549736812,41.72865340551361,17.9926892696512,16.891333072912662,43.16584653452851,23.59059658313201,13.637330375451295,14.39776627629959,7.8269353176022465,35.688731934203894,34.50092074611781,15.385267904202566,60.245317424932225,46.99887517748467,8.507104905012683,25.21097068611047,18.950808174942146,39.887101160109175,17.87974093730811,52.00548971240777,52.08372490331062,26.065647785527908,52.21636851959789,5.600297627002315,51.278223917257684,37.923906160024124,53.94738511615211,28.21626043926743,28.02763344287054,62.721193211327126,51.31051098217695,10.80985033888263,32.85821561061802,43.813604669267725
41.44469304543131,4.842008090319451,30.167120320786402,18.737560764581627,48.091250327711286,63.217686750103226,53.42654498642289,16.286257498204282,43.6104957680672,49.18817481360816,22.254167268132942,45.94661444788125,26.02607210181745,38.64654772392496,13.441397116019415,29.14991800948438,30.182752906339473,40.20737287478257,8.864418228926697,61.12683062864864,6.314028202959067,16.64724056921531,24.860540272035117,21.96291287624496,37.57274552362231,17.76007644078856,52.36298305042618,31.168847482408864,56.1871430517315,6.482447718398279,62.50048521340806,49.09709993730663,7.827781391166314,11.634091402957678,7.054537812369017,13.926972317750817,5.237121798554209,40.958204442295,16.715901155239845,47.62748395730986,15.00652988564079,30.253682812941438,31.402692489538403,42.15777464241591,5.206928432200909,43.82474441708633,25.252753956623614,15.852339858148246,29.790720450985177,13.085340439469412,22.987226625858035,7.58098742669286,5.0488537904114414,25.427825922877883,12.426992701946226,44.126146705233694,45.75755279829663,17.38182381970061,23.825549802388682,53.512081478903156,5.685709144313706,32.286889183749736,8.371305681466108,15.876378967605167,39.02342670406239,8.10273765177066,17.922808961902106,41.082418048811405,18.01247594545731,16.807092150566973,43.26532941582563,23.454848869006234,13.339550853147356,14.552444768117251,7.8269187044297635,35.88967579306713,34.50530699399596,15.24841086771511,59.38793887348825,47.070083252526345,8.45725662123643,25.200464787410727,18.840623859870465,40.123586195351294,17.96561250138426,51.60542840277683,52.39061447347983,26.235848511122423,52.287184664399305,5.585755133905544,51.05396359431204,37.92145902566219,53.92966380383468,27.968017460745045,28.13090062518984,62.72568069706678,51.28587892912416,10.790131266273143,32.73915114373651,43.940194876229604
41.347140089489535,4.853424295354315,30.201807556055247,18.707642719341663,48.155585283868945,61.805757408239586,53.373964440667656,16.222868545259075,43.49438308979046,49.35536888464871,22.217054120920768,45.90478933142417,26.26311948506671,38.59380735859676,13.421664006048735,29.17182522519129,29.910167263511713,40.12016400229199,8.881280287189776,60.99580561791917,6.357949570005596,16.664382168627917,24.814732133096744,21.842812373088528,37.95336206889596,17.54811252083766,52.2053397471277,31.203157352610837,56.70018320039405,6.469623646353204,62.860856032237685,48.9862790820113,7.819804076302451,11.627481102014247,7.083216205610962,13.807330635465949,5.2298436015998515,40.97494086307113,16.835236826457592,47.588669859084476,14.876310331646316,30.054172247730712,31.335696375499882,41.99582910022781,5.200003008109771,44.01409136731284,25.357594259567865,15.890452392209353,29.74148459119296,13.07969516474529,23.179864061188038,7.600039051352634,5.030081541858199,25.618747029635394,12.400288890971131,44.65580349848571,45.973874277105025,17.373273559441234,23.81044733297847,53.70200209305996,5.679800972294772,32.126356515258664,8.342601618617769,15.913644756753184,38.70416223779015,8.160829537395383,17.9011342111518,41.26440217717665,17.975547027345748,16.783624927677685,43.34960880639505,23.468958255544933,13.304159130851339,14.395085700056642,7.827064651017509,36.16994033871331,34.49973530486646,15.400364778431756,59.54295354579326,47.034770936073606,8.472662992365935,25.03099199139905,19.014691636212536,40.09947868555228,18.012756467865955,51.807847437563865,52.132427111514644,26.410727113439666,52.17030375979682,5.574867977442625,51.7695202408857,37.90248330328184,53.907826372014796,27.89726503867953,27.67967738801769,62.70967967953131,51.18982242562115,10.73566975283144,32.83768320936136,44.12553392491289
41.46694837957738,4.846149983627527,30.179815478748946,18.703908271270446,47.97781165166311,62.308898921408876,53.35170946111782,16.17731234299064,43.69785270340904,49.52853886947343,22.285726553697543,45.93872386204867,26.238379587018237,38.8068371176465,13.4111056105757,29.09168487658499,29.82815546018101,40.11105865786413,8.824850520340286,61.28100487087627,6.2815504153474935,16.701627038176593,24.77621727204219,21.831744897749033,38.045666755466954,17.72116253832317,52.79954025602513,30.881585257498397,57.56128522116689,6.506035725128992,63.33345361476304,48.98782027701319,7.8175069322852995,11.577421688883392,7.092588230242839,13.807013975518506,5.226165688415592,41.150205781596625,16.86263928699363,47.566881923628564,14.939029829602132,29.784293057839765,31.087587108525955,42.02115085920273,5.194644570900081,44.83577087031999,24.92613847389694,15.884130247353884,29.692123551477547,13.077737759096355,23.3101271831896,7.601053127988107,5.023647983703879,25.874448802317055,12.37414971291376,44.54484529195514,45.98965930732942,17.370257832718487,23.738942969451568,53.721271031047095,5.669368162580655,32.168722445713584,8.269936352026557,16.050801531440545,39.311367775479525,8.099525621395737,17.894669581547486,40.515920517533715,17.985029911715184,16.80980754762617,43.38182708378536,23.574798403098804,13.329563327368987,14.329798477379457,7.819940218041413,35.94735041336529,34.48973024600592,15.380732726226451,59.11921812469033,47.05845705745569,8.459016259584883,25.04838239032512,19.030662992685787,39.97966775270351,17.952591306820544,51.857293171980075,52.016976071121036,26.798046533240708,52.29331260278426,5.587584882577613,51.573419598215935,37.90520265758126,53.9104550684358,27.95966371746833,27.5981602836237,62.6962292103964,51.16069768519186,10.767290414123988,32.66291755436349,42.63782361926019
41.50472938864165,4.8279734426162575,30.17212455368501,18.719472428746098,47.72881386264624,62.426338107604266,53.28724576642096,16.027750893084484,43.53175069808511,49.334000511508066,22.073197690819416,46.016040393686716,26.2044323264833,39.06309179521071,13.40028958483178,29.13442700491351,29.99792723962357,40.293498359778326,8.889557738050991,61.764960134815794,6.237974532198551,16.720797541254253,24.741551164657896,22.044698297390298,38.137975573532785,17.673488768467514,52.943142520392016,30.735451318403904,58.30605116474964,6.471700446294006,63.325939109648246,48.94327933042975,7.8074962327739925,11.545300360925058,7.027396807220193,13.815603802994447,5.222321824993505,41.27654645040818,16.83450099341481,47.54666691935722,14.881002159026027,29.44079053385183,31.531272229758123,42.06134375413125,5.1842745092330915,44.79171936394467,24.84293165534463,16.037705145271254,29.718002185524412,13.077380131768736,22.94769823871262,7.602392219186536,5.023686281299761,25.778738260165717,12.385253392634601,45.08772344801562,46.312941826661856,17.376470792318678,23.587931473534372,53.7502370776304,5.654705996442528,32.12633833413265,8.397803850986717,16.04893822204488,38.7688045467592,8.131029879411741,17.835394932024684,41.03595434326101,17.933129681031012,16.629492859257706,43.44055736845814,23.41099053142425,13.245728121379539,14.366900918684868,7.809980071448537,35.96858483840952,34.47460098171211,15.52362596334818,59.21853755240697,47.19357939838293,8.463048187778977,25.150743431044855,18.927767688209947,39.85083991811487,17.889520857487057,52.405550172079025,52.262695369100285,26.653938329670726,52.14510284371545,5.553989053454362,51.41926599195641,37.9189822611399,53.910034235001014,27.936443730843756,27.964988833529638,62.68931529487651,51.209412506184066,10.771773595771135,32.7558068896738,43.11499550887735
41.655835853173315,4.815443304759328,30.19682540369498,18.857831817994402,47.97020478835165,61.82666540714519,53.36135174814897,16.174465063241612,43.602555966096176,49.43365662077011,22.15062943692079,45.95533853098937,26.094238704043008,38.753787748947985,13.484396359108613,29.05814873313332,30.15873162252253,40.31956640682823,8.927006673638434,62.486291789171894,6.208443245008924,16.713414607403752,24.693463234750514,21.72355020075872,37.98848945881885,17.776656728633274,53.537633801174195,30.50432862402189,58.40588939788565,6.436650961974961,63.12040019069282,48.90643044492243,7.807340742755408,11.543016882445224,7.009046882415066,13.875806586361524,5.215639433369489,41.33375841624797,16.792826403570057,47.56689072684994,14.916322386273054,29.623005555495507,31.85461821952036,41.88501412585234,5.180006992820661,44.81466366765751,24.70407339398432,16.119744671564856,29.767732954216545,13.075264450489833,22.927173245788904,7.592547538877302,5.028300507532239,25.759972682686353,12.38159448150578,44.99623289821763,46.10634177958974,17.381074789634336,23.775682601977138,54.0805890353999,5.655410918855723,31.90951521389063,8.517823442633542,16.200049450661474,38.79088844382203,8.116331667618851,17.89862020183215,40.97361115800469,17.92878824514322,16.73200371788452,43.59419295492363,23.229942827873888,13.336017386140474,14.29114478127119,7.807096512103238,35.936377588611215,34.48988185161643,15.373183906222824,59.20418236450435,47.228036603320824,8.51201611729061,25.262886674416553,18.815840998664278,39.84927587122385,17.83706843805162,52.11573545963923,52.58934606697382,26.6808160089286,52.1845541271909,5.57877627371711,51.272343256203335,37.91999405758986,53.95258333086565,27.983365730738075,27.002366230156206,62.684471939858845,51.26302819404133,10.77834275062398,32.834588346209834,43.05212092223716
41.61729147084808,4.803523426227279,30.209955301068664,18.967637577263744,47.995871097711536,62.07368443450644,53.399848432359,16.079176466568402,43.669084699414825,49.56557932782859,22.389597056216687,45.985325251154826,26.136080831425744,39.00242374146215,13.430540485184203,29.124309734836984,30.086311327944,40.36311317582103,8.970936393333814,63.159459351195785,6.2083542084448595,16.667469814061196,24.691309820804424,21.485115899839908,38.01569591851067,17.871310867600553,53.92193361846367,30.74254932106915,58.39451912344149,6.474287703328375,63.54590170768412,49.023258152666365,7.809819548518805,11.494463097596082,7.10226052407986,13.936603560629713,5.209281700977268,41.3351547198763,16.724233210477422,47.6134735285557,14.83156430272384,29.664427822830557,32.009543173526296,41.96858636853267,5.170039158505176,45.460399508489736,24.834771491234886,16.25127230686111,29.824952407363586,13.089700074623272,23.083286786038492,7.539998783055694,5.028329829019244,25.941207359379856,12.378654925256347,45.16680661754925,45.7474970104803,17.371335013227892,23.650074495427543,53.94360558675209,5.6597380643172315,31.91210144204973,8.484634520958993,16.099470110809495,39.28561131302903,8.228549017649975,17.919647097729076,40.73538572374998,17.928764666519424,16.72126960074541,43.50563328320012,23.07324081448358,13.539563036471701,14.333585578484024,7.807077206285839,35.94658517591638,34.485227044754225,15.307023600930258,59.42541218464365,47.96397318883183,8.475062049772509,25.287558893997158,18.884935212276275,39.84987969249736,17.752933158816948,52.10644906863679,52.08356256745039,26.560385574328762,52.239270299016745,5.548974974851102,51.651786542688065,37.92675267415186,53.976717366350826,27.869367448778497,26.584339422039307,62.68437992895504,51.28992570049909,10.811790853101224,33.00723034345356,43.39236978359223
41.930506391837326,4.794279770140312,30.227957652384145,19.083720934147635,48.03076657489529,61.59521617607796,53.425137872691465,16.24585021907241,43.918637953511585,49.592815710967,22.321688854642147,46.10550511563771,26.03745072188856,39.2089831230743,13.423693286886785,29.03070786323171,30.00607638539765,40.40673251139004,8.98157280457192,62.980608146974376,6.238851549945535,16.639618819534682,24.794485005942832,21.337648658843055,38.08406502908106,17.94072956285858,53.18685574243588,30.913655594592143,59.47064694380855,6.457232315417278,62.79983080427788,48.93750903152367,7.806367420843119,11.443220451918542,7.162805857977032,13.930399106287561,5.205427169395714,41.72006461153554,16.71787203862914,47.66499457611763,14.94650649545453,29.528259943466058,31.87455004429907,41.90940950271131,5.166724876707291,44.94805608671067,24.694906888187074,16.20369158280636,29.805547284277367,13.076292633902442,23.296415873611036,7.5355787854899665,5.0284704716403255,25.94760904333699,12.397257163205621,45.21445163717478,46.08309778227882,17.369981466847037,23.55126891755079,53.46313788841914,5.654948374417088,32.346155325018316,8.452506901621788,16.201069095581303,39.34733697677428,8.222619039251507,17.860964456751084,41.02310918234182,17.929077692457252,16.668493549144724,43.49294897316622,23.398504929312338,13.539026612629236,14.238953613697108,7.807197160951881,36.01582512564422,34.4998486588247,15.384786092580184,59.16425641139568,48.2499361601084,8.48925400228354,25.4159805184307,18.858086014509627,39.96761658289512,17.621804052582362,52.42780971797953,52.36700739763005,26.541782549126076,52.145541601258664,5.538345157316872,52.230886345447665,37.96351207183036,54.04827895565392,27.80437470954649,27.256411119620655,62.70992862104341,51.374363731094526,10.808512847421769,33.14432742874775,43.18557933233144
41.828008380429985,4.754492640352039,30.250413262138927,19.217226995630554,48.086954940526134,61.0248179231646,53.454476603015046,16.08890261981344,43.73377140578885,49.70930499234125,22.64405606279392,46.08386067715814,26.099876904505308,39.30111532157378,13.343932891836317,29.066472991350743,30.094167462541073,40.42291869467786,8.999448243706084,63.43508208898726,6.245498730766224,16.60960252062535,24.87072169162517,21.415765295423103,37.93880489388087,17.790775906420848,52.97463158689405,30.96717861069381,59.223850128158716,6.380059106845989,63.62435475372619,48.86865624043421,7.7999538819823755,11.282213411355894,7.211490629885114,13.861659131266197,5.20463852011713,41.7692251476043,16.79212422251037,47.64617230643709,14.900298990093178,29.648468983120928,32.15331950391108,41.95410032520255,5.16671807130449,44.43763583731351,25.289600386772054,16.12342065933813,29.892063481366066,13.065939341679405,23.0944271570769,7.522453731128691,5.036725834434359,26.175688200769628,12.366247647231484,45.01017963100517,46.34883351713486,17.408049064849145,23.824224200532424,53.70303292184386,5.65422902385682,32.22924346078424,8.274483823307436,16.17627054953566,39.396760910517415,8.229708798972908,17.794576101919137,40.967430799318414,17.939084564919895,16.59498141588683,43.50257150138389,23.266752831000055,13.475796812393389,14.228851575349347,7.807308668419151,35.99468854190996,34.5098792095279,15.365701572141568,59.7461884799014,48.17996599901055,8.535654130241928,25.430981255298118,19.083829714274255,40.21658699695395,17.618409781120018,52.64953706600579,52.146049932319194,26.878774952590945,52.009069984120224,5.537278534055793,51.99005163792852,37.98334565899171,54.05402120434927,27.848654684604913,27.621256935382977,62.71876324395939,51.50098529576703,10.7782556370307,33.32275713979382,43.21387059177588
